charge_start_time,charge_end_time,mileage,charge_start_soc,charge_end_soc,charge_start_U,charge_end_U,charge_start_I,charge_end_I,charge_max_temp,charge_min_temp,charge_time,charge_soc,charge_U,charge_I,charge_temp
20171106221758,20171106235228,67479.9,30.0,100.0,562.5,591.6,-179.0,-6.0,41.0,31.0,13470,70.0,29.100000000000023,173.0,10.0
20171231133651,20171231140901,82498.3,40.0,83.0,558.3,575.0,-189.0,-189.0,34.0,23.0,7250,43.0,16.700000000000045,0.0,11.0
20180102221258,20180102230628,83131.5,24.0,100.0,559.0,595.4,-200.0,-3.0,43.0,27.0,9370,76.0,36.39999999999998,197.0,16.0
20180305011308,20180305022238,97716.3,35.0,100.0,552.3,600.9,-23.0,-1.0,41.0,31.0,10930,65.0,48.60000000000002,22.0,10.0
20180416220429,20180416230059,107652.3,28.0,98.0,560.4,571.3,-172.0,-45.0,33.0,31.0,9630,70.0,10.899999999999977,127.0,2.0
20180528115128,20180528120618,117498.5,56.0,76.0,559.1,563.1,-168.0,-6.0,43.0,35.0,5490,20.0,4.0,162.0,8.0
20180627234721,20180628004111,124608.5,26.0,98.0,545.1,565.5,-16.0,-6.0,50.0,36.0,769390,72.0,20.399999999999977,10.0,14.0
20180712115241,20180712121221,127980.4,57.0,83.0,560.3,564.7,-189.0,-6.0,45.0,31.0,5980,26.0,4.400000000000091,183.0,14.0
