charge_start_time,charge_end_time,mileage,charge_start_soc,charge_end_soc,charge_start_U,charge_end_U,charge_start_I,charge_end_I,charge_max_temp,charge_min_temp,charge_time,charge_soc,charge_U,charge_I,charge_temp
20171116161033,20171116170903,71710.6,44.0,90.8,370.5,383.9,-29.8,-40.1,21.0,13.0,9870,46.8,13.399999999999977,-10.3,8.0
20171210190533,20171210193743,75816.9,34.0,60.4,365.1,379.9,-25.9,-40.4,14.0,9.0,3210,26.4,14.799999999999955,-14.5,5.0
20180104213535,20180105042334,79867.3,39.2,100.0,364.0,399.9,-7.6,-7.8,11.0,2.0,828799,60.8,35.89999999999998,-0.20000000000000018,9.0
20180215211935,20180216051456,86867.6,28.8,90.8,362.9,399.9,-7.6,-7.6,8.0,3.0,839521,62.0,37.0,0.0,5.0
