charge_start_time,charge_end_time,mileage,charge_start_soc,charge_end_soc,charge_start_U,charge_end_U,charge_start_I,charge_end_I,charge_max_temp,charge_min_temp,charge_time,charge_soc,charge_U,charge_I,charge_temp
20171201224526,20171201234816,142088.0,6.4,31.6,319.5,370.7,-25.7,-16.2,27.0,10.0,10290,25.200000000000003,51.19999999999999,9.5,17.0
20180123145343,20180123160544,150811.0,11.2,34.4,330.5,371.5,-84.2,-15.4,16.0,1.0,15201,23.2,41.0,68.8,15.0
20180304225122,20180305015229,155400.0,58.0,86.0,349.4,374.5,-8.5,-7.9,14.0,6.0,790107,28.0,25.100000000000023,0.5999999999999996,8.0
20180519113736,20180519122556,169134.0,82.0,90.0,365.6,372.6,-8.1,-8.0,27.0,23.0,8820,8.0,7.0,0.09999999999999964,4.0
20180610123152,20180610132701,172287.0,46.0,86.0,344.0,373.9,-70.5,-16.3,34.0,24.0,9549,40.0,29.899999999999977,54.2,10.0
