charge_start_time,charge_end_time,mileage,charge_start_soc,charge_end_soc,charge_start_U,charge_end_U,charge_start_I,charge_end_I,charge_max_temp,charge_min_temp,charge_time,charge_soc,charge_U,charge_I,charge_temp
20180525192134,20180526025112,67266.3,35.0,99.0,350.8,397.0,-9.4,-5.0,32.0,27.0,832978,64.0,46.19999999999999,4.4,5.0
20180604123748,20180604131619,70420.9,30.0,81.0,350.8,394.6,-33.6,-42.8,36.0,29.0,7871,51.0,43.80000000000001,-9.199999999999996,7.0
20180605133119,20180605140120,70809.7,24.0,70.0,350.9,387.8,-57.0,-57.7,34.0,29.0,7001,46.0,36.900000000000034,-0.7000000000000028,5.0
