charge_start_time,charge_end_time,mileage,charge_start_soc,charge_end_soc,charge_start_U,charge_end_U,charge_start_I,charge_end_I,charge_max_temp,charge_min_temp,charge_time,charge_soc,charge_U,charge_I,charge_temp
20171112103219,20171112105729,68676.7,67.0,100.0,542.5,574.1,-149.0,-1.0,26.0,19.0,2510,33.0,31.600000000000023,148.0,7.0
20171224023938,20171224034938,79047.3,35.0,100.0,540.6,557.5,-64.0,-1.0,32.0,34.0,11000,65.0,16.899999999999977,63.0,-2.0
20180202231349,20180203000559,87592.5,52.0,100.0,541.9,566.9,-64.0,-6.0,32.0,11.0,769210,48.0,25.0,58.0,21.0
20180410230708,20180411000158,102199.2,44.0,100.0,541.6,560.2,-100.0,-2.0,39.0,34.0,769450,56.0,18.600000000000023,98.0,5.0
20180515102620,20180515105500,109968.7,68.0,98.0,533.9,553.2,-20.0,-1.5,39.0,34.0,2880,30.0,19.300000000000068,18.5,5.0
20180603165458,20180603170138,114097.7,62.0,73.0,539.7,543.6,-165.0,-1.5,43.0,37.0,4680,11.0,3.8999999999999773,163.5,6.0
20180707120753,20180707125233,122619.9,41.0,87.0,531.2,545.0,-9.0,-1.5,45.0,36.0,4480,46.0,13.799999999999955,7.5,9.0
